{
  "main": {
    "id": "47b82d3ed4055f0a",
    "type": "split",
    "children": [
      {
        "id": "343ed6d2b104dae3",
        "type": "tabs",
        "children": [
          {
            "id": "a4d031477d9e1c73",
            "type": "leaf",
            "state": {
              "type": "markdown",
              "state": {
                "file": "Home Page.md",
                "mode": "preview",
                "backlinks": false,
                "source": true
              }
            }
          }
        ],
        "stacked": true
      }
    ],
    "direction": "vertical"
  },
  "left": {
    "id": "704dc09219533a06",
    "type": "split",
    "children": [
      {
        "id": "02aa4495f6d8932c",
        "type": "tabs",
        "children": [
          {
            "id": "7de63e4a179661b3",
            "type": "leaf",
            "state": {
              "type": "file-explorer",
              "state": {
                "sortOrder": "alphabetical"
              }
            }
          },
          {
            "id": "f800ac4d1e67f0a5",
            "type": "leaf",
            "state": {
              "type": "search",
              "state": {
                "query": "",
                "matchingCase": false,
                "explainSearch": false,
                "collapseAll": false,
                "extraContext": false,
                "sortOrder": "alphabetical"
              }
            }
          },
          {
            "id": "4d8d67f9ff62d6a5",
            "type": "leaf",
            "state": {
              "type": "starred",
              "state": {}
            }
          }
        ]
      }
    ],
    "direction": "horizontal",
    "width": 316
  },
  "right": {
    "id": "39c78f6c222579fd",
    "type": "split",
    "children": [
      {
        "id": "204a736d120135c7",
        "type": "tabs",
        "children": [
          {
            "id": "21798bc86fea2ca9",
            "type": "leaf",
            "state": {
              "type": "backlink",
              "state": {
                "file": "Home Page.md",
                "collapseAll": false,
                "extraContext": false,
                "sortOrder": "alphabetical",
                "showSearch": false,
                "searchQuery": "",
                "backlinkCollapsed": true,
                "unlinkedCollapsed": true
              }
            }
          },
          {
            "id": "b07b363960613451",
            "type": "leaf",
            "state": {
              "type": "outgoing-link",
              "state": {
                "file": "Home Page.md",
                "linksCollapsed": false,
                "unlinkedCollapsed": true
              }
            }
          },
          {
            "id": "6e1f73ea2e774d48",
            "type": "leaf",
            "state": {
              "type": "tag",
              "state": {
                "sortOrder": "frequency",
                "useHierarchy": true
              }
            }
          },
          {
            "id": "d818564dc475876c",
            "type": "leaf",
            "state": {
              "type": "outline",
              "state": {
                "file": "Home Page.md"
              }
            }
          },
          {
            "id": "56bd0ad254279678",
            "type": "leaf",
            "state": {
              "type": "calendar",
              "state": {}
            }
          }
        ],
        "currentTab": 4
      }
    ],
    "direction": "horizontal",
    "width": 276.5
  },
  "active": "a4d031477d9e1c73",
  "lastOpenFiles": [
    "Sort/SecondYear/First Term/CPE 222  DIGITAL ELECTRONICS AND LOGIC DESIGN.md",
    "Sort/Sort Subject.md",
    "Home Page.md",
    "FURTHER STUDIES.md",
    "Sort/SecondYear/First Term/PHY 104  GENERAL PHYSICS FOR ENGINEERING STUDENTS II.md",
    "Sort/SecondYear/First Term/MTH 234  LINEAR ALGEBRA.md",
    "Sort/SecondYear/First Term/LNG 321  ACADEMIC READING AND WRITING IN INTERNATIONAL CONTEXTS.md",
    "Sort/SecondYear/First Term/GEN 231  MIRACLE OF THINKING.md",
    "Sort/SecondYear/First Term/CPE 231  ALGORITHMS.md",
    "Template/Sorting Template.md"
  ]
}